fid_score,clip_score_ground_truth,clip_score_watermarked
47.82606730477278,0.30990983021259305,0.30906515431404114
